Header,internal_code
fig|727.1361.peg.778,lic3X_1
fig|1408442.3.peg.1151,lic3X_2
fig|197.4817.peg.165,lic3X_3
fig|727.1732.peg.658,lic3X_4
fig|212.43.peg.1157,lic3X_5
fig|32022.686.peg.864,lic3X_6
fig|747.1190.peg.1450,lic3X_7
fig|727.1503.peg.884,lic3X_8
fig|1655500.11.peg.1144,lic3X_9
fig|56877.34.peg.1392,lic3X_10
fig|727.3054.peg.1266,lic3X_11
fig|195.4095.peg.1834,lic3X_12
fig|197.22232.peg.1360,lic3X_13
fig|862964.18.peg.829,lic3X_14
fig|747.1940.peg.2093,lic3X_15
fig|727.1690.peg.1644,lic3X_16
fig|197.25133.peg.198,lic3X_17
fig|197.25288.peg.1129,lic3X_18
fig|32022.858.peg.337,lic3X_19
fig|727.1704.peg.446,lic3X_20
fig|727.1780.peg.773,lic3X_21
fig|727.2641.peg.141,lic3X_22
fig|747.454.peg.788,lic3X_23
fig|28080.91.peg.1019,lic3X_24
fig|727.583.peg.124,lic3X_25
fig|727.536.peg.642,lic3X_26
fig|727.1792.peg.1160,lic3X_27
fig|727.1798.peg.1178,lic3X_28
fig|727.1719.peg.1104,lic3X_29
fig|214.49.peg.955,lic3X_30
fig|727.2899.peg.129,lic3X_31
fig|727.1590.peg.1334,lic3X_32
fig|726.424.peg.1251,lic3X_33
fig|197.14828.peg.1618,lic3X_34
fig|727.3047.peg.1531,lic3X_35
fig|727.3037.peg.1540,lic3X_36
fig|449520.23.peg.1615,lic3X_37
fig|197.15840.peg.71,lic3X_38
fig|727.3411.peg.643,lic3X_39
fig|197.26782.peg.1350,lic3X_40
fig|197.26762.peg.145,lic3X_41
fig|197.15157.peg.185,lic3X_42
fig|195.30561.peg.1206,lic3X_43
fig|727.1717.peg.293,lic3X_44
fig|936155.3.peg.299,lic3X_45
fig|197.6716.peg.1620,lic3X_46
fig|727.2166.peg.521,lic3X_47
fig|197.15563.peg.883,lic3X_48
fig|195.638.peg.14,lic3X_49
fig|210.5368.peg.1598,lic3X_50
fig|197.15990.peg.1431,lic3X_51
fig|727.1344.peg.327,lic3X_52
fig|727.2178.peg.600,lic3X_53
fig|197.20551.peg.952,lic3X_54
fig|214.36.peg.889,lic3X_55
fig|727.1430.peg.613,lic3X_56
fig|727.1497.peg.68,lic3X_57
fig|727.1684.peg.808,lic3X_58
fig|95149.9.peg.501,lic3X_59
fig|197.5163.peg.1822,lic3X_60
fig|1313.15885.peg.1403,lic3X_61
fig|28080.85.peg.1180,lic3X_62
fig|449520.13.peg.1638,lic3X_63
fig|32022.905.peg.376,lic3X_64
fig|727.3023.peg.1073,lic3X_65
fig|197.21048.peg.868,lic3X_66
fig|197.20982.peg.603,lic3X_67
fig|753.31.peg.2025,lic3X_68
fig|197.23693.peg.307,lic3X_69
fig|488545.6.peg.1333,lic3X_70
fig|329937.5.peg.470,lic3X_71
fig|197.23229.peg.672,lic3X_72
fig|197.25089.peg.1308,lic3X_73
fig|197.5117.peg.176,lic3X_74
fig|197.16990.peg.1330,lic3X_75
fig|197.15196.peg.156,lic3X_76
fig|727.1412.peg.944,lic3X_77
fig|727.1205.peg.205,lic3X_78
fig|210.7801.peg.867,lic3X_79
fig|727.1573.peg.1775,lic3X_80
fig|727.1701.peg.829,lic3X_81
fig|727.1318.peg.1430,lic3X_82
fig|197.17108.peg.1145,lic3X_83
fig|197.16151.peg.1552,lic3X_84
fig|214.37.peg.347,lic3X_85
fig|727.1502.peg.224,lic3X_86
fig|195.3034.peg.1314,lic3X_87
fig|1548018.3.peg.2619,lic3X_88
fig|727.2298.peg.1250,lic3X_89
fig|197.16157.peg.1119,lic3X_90
fig|727.2167.peg.864,lic3X_91
fig|727.1745.peg.382,lic3X_92
fig|727.1672.peg.1291,lic3X_93
fig|218.24.peg.48,lic3X_94
fig|753.29.peg.2126,lic3X_95
fig|197.22235.peg.1632,lic3X_96
fig|2735784.4.peg.168,lic3X_97
fig|727.3052.peg.756,lic3X_98
fig|2735782.7.peg.1505,lic3X_99
fig|175537.54.peg.484,lic3X_100
fig|197.25351.peg.38,lic3X_101
fig|747.2999.peg.2157,lic3X_102
fig|197.27566.peg.197,lic3X_103
fig|197.27578.peg.188,lic3X_104
fig|195.30509.peg.1468,lic3X_105
fig|195.480.peg.255,lic3X_106
fig|197.5329.peg.1037,lic3X_107
fig|201.176.peg.577,lic3X_108
fig|727.3019.peg.142,lic3X_109
fig|727.1637.peg.306,lic3X_110
fig|727.1239.peg.1696,lic3X_111
fig|214.48.peg.803,lic3X_112
fig|2020247.3.peg.39,lic3X_113
fig|727.1643.peg.776,lic3X_114
fig|727.1776.peg.1127,lic3X_115
fig|2735761.7.peg.1164,lic3X_116
fig|1655500.20.peg.348,lic3X_117
fig|727.1521.peg.1452,lic3X_118
fig|862964.19.peg.830,lic3X_119
fig|197.22135.peg.135,lic3X_120
fig|28080.132.peg.298,lic3X_121
fig|727.3674.peg.854,lic3X_122
fig|753.5.peg.1993,lic3X_123
fig|747.2336.peg.1531,lic3X_124
fig|197.24948.peg.383,lic3X_125
fig|197.25174.peg.2021,lic3X_126
fig|727.1202.peg.222,lic3X_127
fig|727.1774.peg.156,lic3X_128
fig|1183379.4.peg.1215,lic3X_129
fig|210.7799.peg.553,lic3X_130
fig|727.538.peg.1096,lic3X_131
fig|32022.535.peg.629,lic3X_132
fig|725.17.peg.866,lic3X_133
fig|727.1263.peg.781,lic3X_134
fig|727.1634.peg.790,lic3X_135
fig|197.15155.peg.172,lic3X_136
fig|725.19.peg.881,lic3X_137
fig|727.1065.peg.551,lic3X_138
fig|747.472.peg.14,lic3X_139
fig|197.5237.peg.887,lic3X_140
fig|727.1355.peg.1330,lic3X_141
fig|214.34.peg.1415,lic3X_142
fig|727.1676.peg.771,lic3X_143
fig|214.31.peg.1153,lic3X_144
fig|197.14687.peg.456,lic3X_145
fig|37372.27.peg.426,lic3X_146
fig|197.17109.peg.1137,lic3X_147
fig|197.20875.peg.1096,lic3X_148
fig|727.1739.peg.1167,lic3X_149
fig|2735763.4.peg.1224,lic3X_150
fig|727.3030.peg.537,lic3X_151
fig|197.21693.peg.1368,lic3X_152
fig|197.22260.peg.1473,lic3X_153
fig|298570.7.peg.929,lic3X_154
fig|2974565.7.peg.457,lic3X_155
fig|28080.321.peg.331,lic3X_156
fig|197.22303.peg.615,lic3X_157
fig|195.30592.peg.1573,lic3X_158
fig|195.30600.peg.1844,lic3X_159
fig|727.1797.peg.134,lic3X_160
fig|195.2444.peg.675,lic3X_161
fig|747.1860.peg.1755,lic3X_162
fig|290433.16.peg.966,lic3X_163
fig|936155.3.peg.871,lic3X_164
fig|197.16354.peg.1552,lic3X_165
fig|2004998.3.peg.123,lic3X_166
fig|195.1503.peg.443,lic3X_167
fig|727.2183.peg.449,lic3X_168
fig|260714.13.peg.1467,lic3X_169
fig|197.15122.peg.154,lic3X_170
fig|197.17936.peg.1181,lic3X_171
fig|727.1058.peg.358,lic3X_172
fig|727.1644.peg.763,lic3X_173
fig|727.625.peg.261,lic3X_174
fig|195.464.peg.1652,lic3X_175
fig|2911624.4.peg.953,lic3X_176
fig|195.2064.peg.1775,lic3X_177
fig|727.1303.peg.1152,lic3X_178
fig|2735732.6.peg.1239,lic3X_179
fig|197.5170.peg.1536,lic3X_180
fig|195.720.peg.1416,lic3X_181
fig|727.1329.peg.863,lic3X_182
fig|195.905.peg.955,lic3X_183
fig|214.50.peg.1611,lic3X_184
fig|449520.18.peg.1653,lic3X_185
fig|753.21.peg.445,lic3X_186
fig|727.3032.peg.452,lic3X_187
fig|197.21753.peg.389,lic3X_188
fig|197.25135.peg.178,lic3X_189
fig|2974565.14.peg.402,lic3X_190
fig|197.25814.peg.1187,lic3X_191
fig|727.1711.peg.585,lic3X_192
fig|45498.6.peg.1040,lic3X_193
fig|727.1650.peg.1104,lic3X_194
fig|260714.21.peg.749,lic3X_195
fig|201.126.peg.1344,lic3X_196
fig|298570.3.peg.428,lic3X_197
fig|195.556.peg.264,lic3X_198
fig|214.47.peg.1663,lic3X_199
fig|727.593.peg.393,lic3X_200
fig|2735767.4.peg.1218,lic3X_201
fig|2735774.3.peg.630,lic3X_202
fig|1813019.34.peg.507,lic3X_203
fig|197.21296.peg.478,lic3X_204
fig|214.44.peg.4,lic3X_205
fig|197.21519.peg.656,lic3X_206
fig|727.1286.peg.612,lic3X_207
fig|727.1693.peg.1226,lic3X_208
fig|727.2291.peg.733,lic3X_209
fig|195.3892.peg.1180,lic3X_210
fig|197.22815.peg.1724,lic3X_211
fig|2735760.7.peg.1467,lic3X_212
fig|1071947.5.peg.18,lic3X_213
fig|197.22284.peg.615,lic3X_214
fig|2911628.3.peg.973,lic3X_215
fig|1813019.36.peg.723,lic3X_216
fig|727.1310.peg.759,lic3X_217
fig|765964.3.peg.904,lic3X_218
fig|195.384.peg.1149,lic3X_219
fig|195.2567.peg.24,lic3X_220
fig|218934.108.peg.725,lic3X_221
fig|1813019.16.peg.151,lic3X_222
fig|214.52.peg.1227,lic3X_223
fig|56877.27.peg.1416,lic3X_224
fig|727.2180.peg.233,lic3X_225
fig|727.1645.peg.1109,lic3X_226
fig|727.1347.peg.863,lic3X_227
fig|727.1203.peg.939,lic3X_228
fig|727.1305.peg.948,lic3X_229
fig|195.2448.peg.951,lic3X_230
fig|197.26794.peg.382,lic3X_231
fig|1813019.11.peg.910,lic3X_232
fig|28080.103.peg.920,lic3X_233
fig|197.22120.peg.1242,lic3X_234
fig|197.22130.peg.1419,lic3X_235
fig|747.2411.peg.1011,lic3X_236
fig|123812.6.peg.614,lic3X_237
fig|195.699.peg.1345,lic3X_238
fig|727.1718.peg.295,lic3X_239
fig|727.1592.peg.1348,lic3X_240
fig|727.298.peg.664,lic3X_241
fig|727.1724.peg.126,lic3X_242
fig|2498118.3.peg.214,lic3X_243
fig|727.987.peg.1771,lic3X_244
fig|727.1490.peg.122,lic3X_245
fig|727.616.peg.133,lic3X_246
fig|2498132.3.peg.280,lic3X_247
fig|727.2901.peg.997,lic3X_248
fig|727.625.peg.1170,lic3X_249
fig|727.1214.peg.1567,lic3X_250
fig|197.20799.peg.544,lic3X_251
fig|449520.13.peg.1622,lic3X_252
AAF13495.1,lic3X_253
fig|727.3383.peg.1036,lic3X_254
fig|727.3045.peg.1326,lic3X_255
fig|2735756.6.peg.811,lic3X_256
fig|197.22156.peg.698,lic3X_257
fig|197.24718.peg.1255,lic3X_258
fig|1548018.8.peg.1678,lic3X_259
fig|197.20765.peg.1374,lic3X_260
fig|197.27555.peg.1735,lic3X_261
fig|218.51.peg.283,lic3X_262
fig|197.25411.peg.199,lic3X_263
fig|197.15682.peg.653,lic3X_264
fig|727.1373.peg.1248,lic3X_265
fig|1813019.13.peg.555,lic3X_266
fig|727.1054.peg.978,lic3X_267
fig|427351.4.peg.200,lic3X_268
fig|195.3289.peg.465,lic3X_269
fig|210.7785.peg.841,lic3X_270
fig|727.1342.peg.1605,lic3X_271
fig|195.3741.peg.1214,lic3X_272
fig|1295140.4.peg.246,lic3X_273
fig|727.3378.peg.1308,lic3X_274
fig|28080.152.peg.669,lic3X_275
fig|727.530.peg.634,lic3X_276
fig|195.447.peg.1269,lic3X_277
fig|747.2296.peg.852,lic3X_278
fig|197.25161.peg.171,lic3X_279
fig|197.24925.peg.202,lic3X_280
fig|195.30500.peg.1613,lic3X_281
fig|195.1500.peg.2449,lic3X_282
fig|1848766.7.peg.1294,lic3X_283
fig|197.16988.peg.753,lic3X_284
fig|727.1367.peg.519,lic3X_285
fig|725.11.peg.864,lic3X_286
fig|727.1823.peg.683,lic3X_287
fig|197.22234.peg.572,lic3X_288
fig|747.2329.peg.1315,lic3X_289
fig|210.9037.peg.810,lic3X_290
fig|202.15.peg.1131,lic3X_291
fig|197.4979.peg.195,lic3X_292
fig|210.7800.peg.822,lic3X_293
fig|197575.7.peg.1609,lic3X_294
fig|727.1321.peg.121,lic3X_295
fig|727.1424.peg.872,lic3X_296
fig|727.1499.peg.87,lic3X_297
fig|747.472.peg.1293,lic3X_298
fig|197.21028.peg.890,lic3X_299
fig|1813019.185.peg.280,lic3X_300
fig|28080.149.peg.233,lic3X_301
fig|28080.227.peg.707,lic3X_302
fig|727.3412.peg.668,lic3X_303
fig|197.24857.peg.1633,lic3X_304
fig|728.351.peg.88,lic3X_305
fig|329937.5.peg.1329,lic3X_306
fig|56877.33.peg.1215,lic3X_307
fig|727.607.peg.1054,lic3X_308
fig|727.2297.peg.1197,lic3X_309
fig|1813019.128.peg.1366,lic3X_310
fig|197.14709.peg.567,lic3X_311
fig|727.1788.peg.841,lic3X_312
fig|889246.3.peg.425,lic3X_313
fig|197.11670.peg.1891,lic3X_314
fig|2267891.4.peg.615,lic3X_315
fig|32022.569.peg.321,lic3X_316
fig|727.566.peg.1297,lic3X_317
fig|727.1759.peg.132,lic3X_318
fig|1072685.4.peg.49,lic3X_319
fig|727.990.peg.160,lic3X_320
fig|214.41.peg.1377,lic3X_321
fig|195.836.peg.1688,lic3X_322
fig|28080.142.peg.1217,lic3X_323
fig|1898206.146.peg.1168,lic3X_324
fig|727.3332.peg.377,lic3X_325
fig|260714.19.peg.1411,lic3X_326
fig|197.22660.peg.1532,lic3X_327
fig|2974565.17.peg.455,lic3X_328
fig|727.3678.peg.157,lic3X_329
fig|56877.42.peg.1173,lic3X_330
fig|218.46.peg.591,lic3X_331
fig|727.3345.peg.425,lic3X_332
fig|747.2370.peg.1546,lic3X_333
fig|197.14694.peg.1799,lic3X_334
fig|95149.8.peg.1008,lic3X_335
fig|725.18.peg.1167,lic3X_336
fig|214.33.peg.1555,lic3X_337
fig|212.40.peg.1222,lic3X_338
fig|727.2164.peg.129,lic3X_339
fig|727.1194.peg.431,lic3X_340
fig|197.14673.peg.134,lic3X_341
fig|375927.3.peg.986,lic3X_342
fig|747.1398.peg.778,lic3X_343
fig|197.22099.peg.1004,lic3X_344
fig|727.4176.peg.1308,lic3X_345
fig|2974565.9.peg.433,lic3X_346
fig|37372.46.peg.2254,lic3X_347
fig|727.1567.peg.570,lic3X_348
fig|197.27451.peg.290,lic3X_349
fig|747.510.peg.2092,lic3X_350
fig|727.1716.peg.537,lic3X_351
fig|197.7961.peg.661,lic3X_352
fig|1813019.16.peg.577,lic3X_353
fig|195.914.peg.1534,lic3X_354
fig|727.1593.peg.746,lic3X_355
fig|727.1691.peg.1084,lic3X_356
fig|214.46.peg.463,lic3X_357
fig|727.2182.peg.784,lic3X_358
fig|727.1583.peg.1612,lic3X_359
fig|201.159.peg.1437,lic3X_360
fig|195.3926.peg.110,lic3X_361
fig|28080.144.peg.328,lic3X_362
fig|201.209.peg.622,lic3X_363
fig|2505965.3.peg.1475,lic3X_364
fig|727.1554.peg.667,lic3X_365
fig|197.15104.peg.296,lic3X_366
fig|727.1537.peg.1756,lic3X_367
fig|727.2172.peg.1134,lic3X_368
fig|727.1426.peg.810,lic3X_369
fig|197.15115.peg.505,lic3X_370
fig|1813019.26.peg.626,lic3X_371
fig|727.2900.peg.866,lic3X_372
fig|727.1578.peg.439,lic3X_373
fig|197.15614.peg.1909,lic3X_374
fig|1655500.19.peg.1026,lic3X_375
fig|727.2176.peg.1503,lic3X_376
fig|727.1208.peg.1776,lic3X_377
fig|727.2160.peg.1656,lic3X_378
fig|32022.590.peg.1755,lic3X_379
fig|727.1328.peg.333,lic3X_380
fig|195.630.peg.341,lic3X_381
fig|727.1450.peg.297,lic3X_382
fig|197.5232.peg.228,lic3X_383
fig|747.1923.peg.449,lic3X_384
fig|2905874.7.peg.397,lic3X_385
fig|201.116.peg.2038,lic3X_386
fig|210.9048.peg.603,lic3X_387
fig|2911606.3.peg.763,lic3X_388
fig|28080.136.peg.845,lic3X_389
fig|727.3408.peg.252,lic3X_390
fig|727.2992.peg.695,lic3X_391
fig|727.3679.peg.1302,lic3X_392
fig|197.17938.peg.1167,lic3X_393
fig|197.15201.peg.186,lic3X_394
fig|727.1743.peg.386,lic3X_395
fig|197.20764.peg.1100,lic3X_396
fig|210.7806.peg.545,lic3X_397
fig|727.1654.peg.697,lic3X_398
fig|727.547.peg.709,lic3X_399
fig|197.4898.peg.1112,lic3X_400
fig|727.1643.peg.481,lic3X_401
fig|727.1290.peg.1461,lic3X_402
fig|115545.14.peg.1151,lic3X_403
fig|197.15869.peg.474,lic3X_404
fig|727.2292.peg.765,lic3X_405
fig|197.15986.peg.1467,lic3X_406
fig|2905875.6.peg.535,lic3X_407
fig|727.3354.peg.1333,lic3X_408
fig|2497989.77.peg.1757,lic3X_409
fig|212.56.peg.1127,lic3X_410
fig|175537.59.peg.1044,lic3X_411
fig|197.25550.peg.135,lic3X_412
fig|727.1355.peg.79,lic3X_413
fig|197.26747.peg.726,lic3X_414
fig|727.1735.peg.377,lic3X_415
fig|218.39.peg.1472,lic3X_416
fig|1813019.13.peg.529,lic3X_417
fig|727.1248.peg.1920,lic3X_418
fig|727.1515.peg.301,lic3X_419
fig|727.1466.peg.2043,lic3X_420
fig|727.1316.peg.496,lic3X_421
fig|2028575.5.peg.1485,lic3X_422
fig|37372.47.peg.680,lic3X_423
fig|197.25399.peg.189,lic3X_424
fig|747.736.peg.751,lic3X_425
fig|727.1639.peg.198,lic3X_426
fig|727.1777.peg.157,lic3X_427
fig|262727.7.peg.230,lic3X_428
fig|727.1545.peg.1482,lic3X_429
fig|1548018.7.peg.2536,lic3X_430
fig|727.1766.peg.1183,lic3X_431
fig|728.756.peg.567,lic3X_432
fig|175537.196.peg.732,lic3X_433
fig|375063.4.peg.172,lic3X_434
fig|197.21957.peg.394,lic3X_435
fig|727.1648.peg.1696,lic3X_436
fig|747.1859.peg.2168,lic3X_437
fig|210.8819.peg.714,lic3X_438
fig|727.2987.peg.681,lic3X_439
fig|727.1495.peg.879,lic3X_440
fig|727.1233.peg.585,lic3X_441
fig|197.4993.peg.557,lic3X_442
fig|1813019.54.peg.1376,lic3X_443
fig|138563.19.peg.1711,lic3X_444
fig|727.1283.peg.158,lic3X_445
fig|2800583.3.peg.1762,lic3X_446
fig|727.1357.peg.429,lic3X_447
fig|727.1449.peg.1654,lic3X_448
fig|727.1656.peg.569,lic3X_449
fig|727.4082.peg.717,lic3X_450
fig|197.25122.peg.1446,lic3X_451
fig|28080.148.peg.1182,lic3X_452
fig|197.25432.peg.371,lic3X_453
fig|197.23870.peg.304,lic3X_454
fig|2974565.13.peg.424,lic3X_455
fig|210.7801.peg.868,lic3X_456
fig|727.2180.peg.520,lic3X_457
fig|1031733.3.peg.908,lic3X_458
fig|727.1503.peg.1313,lic3X_459
fig|727.589.peg.379,lic3X_460
fig|727.1782.peg.783,lic3X_461
fig|214.44.peg.841,lic3X_462
fig|197.14815.peg.474,lic3X_463
fig|727.1517.peg.1586,lic3X_464
fig|197.20757.peg.1434,lic3X_465
fig|28080.92.peg.1508,lic3X_466
fig|197.23675.peg.301,lic3X_467
fig|197.22204.peg.951,lic3X_468
fig|747.3002.peg.1161,lic3X_469
fig|375927.3.peg.992,lic3X_470
fig|195.734.peg.127,lic3X_471
fig|727.302.peg.625,lic3X_472
fig|727.1806.peg.1484,lic3X_473
fig|1163741.3.peg.867,lic3X_474
fig|197.17093.peg.1180,lic3X_475
fig|195.358.peg.1808,lic3X_476
fig|727.1699.peg.901,lic3X_477
fig|214.49.peg.433,lic3X_478
fig|1813019.35.peg.539,lic3X_479
fig|197.20729.peg.1594,lic3X_480
fig|32022.943.peg.1162,lic3X_481
fig|32022.551.peg.975,lic3X_482
fig|727.1275.peg.544,lic3X_483
fig|727.1725.peg.727,lic3X_484
fig|727.1267.peg.1390,lic3X_485
fig|727.1186.peg.180,lic3X_486
fig|197.6664.peg.275,lic3X_487
fig|727.546.peg.1453,lic3X_488
fig|195.3238.peg.137,lic3X_489
fig|727.3041.peg.353,lic3X_490
fig|197.15458.peg.676,lic3X_491
fig|197.24843.peg.1696,lic3X_492
fig|218.61.peg.2167,lic3X_493
fig|197.6645.peg.701,lic3X_494
fig|197.19223.peg.689,lic3X_495
fig|197.27518.peg.302,lic3X_496
fig|197.27386.peg.389,lic3X_497
fig|2838619.6.peg.1039,lic3X_498
fig|56877.29.peg.1617,lic3X_499
fig|197.15057.peg.570,lic3X_500
fig|727.1635.peg.1434,lic3X_501
fig|28080.215.peg.1132,lic3X_502
fig|727.1644.peg.459,lic3X_503
fig|727.2511.peg.1149,lic3X_504
fig|727.3125.peg.1331,lic3X_505
fig|197.21957.peg.395,lic3X_506
fig|197.6673.peg.1477,lic3X_507
fig|28080.331.peg.1294,lic3X_508
fig|197.24372.peg.286,lic3X_509
fig|727.3798.peg.1073,lic3X_510
fig|727.4174.peg.519,lic3X_511
fig|727.1484.peg.1189,lic3X_512
fig|195.2448.peg.674,lic3X_513
fig|727.1372.peg.358,lic3X_514
fig|197.16990.peg.475,lic3X_515
fig|1655500.3.peg.546,lic3X_516
fig|727.2899.peg.660,lic3X_517
fig|195.1093.peg.770,lic3X_518
fig|727.3002.peg.645,lic3X_519
fig|197.7958.peg.1043,lic3X_520
fig|1032242.3.peg.851,lic3X_521
fig|56877.32.peg.789,lic3X_522
fig|727.1442.peg.139,lic3X_523
fig|195.2441.peg.942,lic3X_524
fig|727.1760.peg.1306,lic3X_525
fig|727.1713.peg.840,lic3X_526
fig|1163739.3.peg.829,lic3X_527
fig|1031564.3.peg.1191,lic3X_528
fig|260714.24.peg.955,lic3X_529
fig|197.22936.peg.187,lic3X_530
fig|727.2296.peg.1146,lic3X_531
fig|727.1527.peg.1382,lic3X_532
fig|195.3491.peg.1660,lic3X_533
fig|197.20851.peg.1949,lic3X_534
fig|197.25291.peg.1129,lic3X_535
fig|28080.311.peg.440,lic3X_536
fig|175537.54.peg.490,lic3X_537
fig|214.52.peg.906,lic3X_538
fig|1111074.3.peg.1458,lic3X_539
fig|727.542.peg.1631,lic3X_540
fig|1661745.3.peg.1222,lic3X_541
fig|727.1245.peg.106,lic3X_542
fig|375926.3.peg.854,lic3X_543
fig|197.22235.peg.1631,lic3X_544
fig|449520.29.peg.1650,lic3X_545
fig|727.1532.peg.535,lic3X_546
fig|195.998.peg.1388,lic3X_547
fig|727.1454.peg.224,lic3X_548
fig|197575.7.peg.146,lic3X_549
fig|727.296.peg.374,lic3X_550
fig|28080.195.peg.759,lic3X_551
fig|197.22863.peg.118,lic3X_552
fig|2911613.4.peg.810,lic3X_553
fig|175537.100.peg.1037,lic3X_554
fig|728.748.peg.129,lic3X_555
fig|728.755.peg.1310,lic3X_556
fig|375926.4.peg.1055,lic3X_557
fig|727.1697.peg.1777,lic3X_558
fig|727.1550.peg.714,lic3X_559
fig|726.425.peg.1895,lic3X_560
fig|727.1658.peg.217,lic3X_561
fig|210.7803.peg.840,lic3X_562
fig|329937.5.peg.1328,lic3X_563
fig|727.1325.peg.422,lic3X_564
fig|727.1193.peg.494,lic3X_565
fig|727.1240.peg.1719,lic3X_566
fig|727.1767.peg.199,lic3X_567
fig|2911605.4.peg.942,lic3X_568
fig|747.1932.peg.2346,lic3X_569
fig|37372.44.peg.1250,lic3X_570
fig|212.58.peg.672,lic3X_571
fig|727.4175.peg.1036,lic3X_572
fig|138563.19.peg.1710,lic3X_573
fig|28080.190.peg.1321,lic3X_574
fig|28080.222.peg.151,lic3X_575
fig|2505972.3.peg.1438,lic3X_576
fig|449520.10.peg.667,lic3X_577
fig|727.300.peg.864,lic3X_578
fig|727.1686.peg.1022,lic3X_579
fig|2838619.4.peg.811,lic3X_580
fig|1440063.3.peg.1074,lic3X_581
fig|727.2992.peg.269,lic3X_582
fig|1981025.70.peg.302,lic3X_583
fig|210.8901.peg.1132,lic3X_584
fig|2735767.7.peg.1498,lic3X_585
fig|449520.35.peg.1675,lic3X_586
fig|1591088.3.peg.1138,lic3X_587
fig|727.294.peg.185,lic3X_588
fig|197.16680.peg.382,lic3X_589
fig|747.1051.peg.2055,lic3X_590
fig|197.24817.peg.1071,lic3X_591
fig|747.2256.peg.491,lic3X_592
fig|727.1569.peg.839,lic3X_593
fig|727.3017.peg.123,lic3X_594
fig|197.24833.peg.464,lic3X_595
fig|727.1756.peg.955,lic3X_596
fig|747.2147.peg.466,lic3X_597
fig|197.24813.peg.379,lic3X_598
fig|449520.3.peg.1203,lic3X_599
fig|32022.621.peg.739,lic3X_600
fig|201.32.peg.1249,lic3X_601
fig|2790656.7.peg.1637,lic3X_602
fig|727.3675.peg.174,lic3X_603
fig|56877.32.peg.1103,lic3X_604
fig|1655500.9.peg.150,lic3X_605
fig|201.117.peg.1355,lic3X_606
fig|727.1697.peg.489,lic3X_607
fig|727.3122.peg.1444,lic3X_608
fig|197.22867.peg.403,lic3X_609
fig|32022.893.peg.1226,lic3X_610
fig|2020247.3.peg.38,lic3X_611
fig|727.1694.peg.846,lic3X_612
fig|195.2449.peg.920,lic3X_613
fig|197.20756.peg.1394,lic3X_614
fig|727.3004.peg.808,lic3X_615
fig|2838619.3.peg.1016,lic3X_616
fig|28080.116.peg.489,lic3X_617
fig|205.54.peg.1385,lic3X_618
fig|210.8901.peg.1133,lic3X_619
fig|197.21971.peg.422,lic3X_620
fig|197.25095.peg.1229,lic3X_621
fig|197.25087.peg.1128,lic3X_622
fig|2202144.345.peg.88,lic3X_623
fig|728.752.peg.859,lic3X_624
fig|1232659.5.peg.1027,lic3X_625
fig|197.5172.peg.1247,lic3X_626
fig|1121269.3.peg.223,lic3X_627
fig|762965.3.peg.535,lic3X_628
fig|210.8667.peg.532,lic3X_629
fig|32022.155.peg.964,lic3X_630
fig|2838619.4.peg.817,lic3X_631
fig|2905877.7.peg.868,lic3X_632
fig|727.1788.peg.132,lic3X_633
fig|728.751.peg.851,lic3X_634
fig|727.553.peg.380,lic3X_635
fig|197.14721.peg.1426,lic3X_636
fig|727.1522.peg.98,lic3X_637
fig|1655500.8.peg.17,lic3X_638
fig|727.1690.peg.463,lic3X_639
fig|747.472.peg.15,lic3X_640
fig|727.1729.peg.742,lic3X_641
fig|727.2289.peg.1607,lic3X_642
fig|214.51.peg.1128,lic3X_643
fig|197.14642.peg.204,lic3X_644
fig|37372.31.peg.2360,lic3X_645
fig|197.13057.peg.239,lic3X_646
fig|214.42.peg.1073,lic3X_647
fig|197.22137.peg.1089,lic3X_648
fig|2911612.3.peg.1115,lic3X_649
fig|197.24955.peg.1303,lic3X_650
fig|28080.336.peg.1266,lic3X_651
fig|727.4163.peg.891,lic3X_652
fig|28080.339.peg.1156,lic3X_653
fig|32022.152.peg.1880,lic3X_654
fig|727.2158.peg.485,lic3X_655
fig|2768148.3.peg.1052,lic3X_656
fig|197.5014.peg.176,lic3X_657
fig|727.611.peg.1166,lic3X_658
fig|727.1537.peg.684,lic3X_659
fig|197.6756.peg.470,lic3X_660
fig|32022.577.peg.607,lic3X_661
fig|727.1350.peg.773,lic3X_662
fig|727.1356.peg.579,lic3X_663
fig|201.90.peg.450,lic3X_664
fig|753.32.peg.1186,lic3X_665
fig|1813019.82.peg.149,lic3X_666
fig|260714.12.peg.725,lic3X_667
fig|747.2999.peg.2159,lic3X_668
fig|727.1666.peg.1237,lic3X_669
fig|382638.14.peg.1199,lic3X_670
fig|28080.147.peg.1088,lic3X_671
fig|197.16688.peg.1088,lic3X_672
fig|727.1055.peg.366,lic3X_673
fig|214.32.peg.662,lic3X_674
fig|217.7.peg.829,lic3X_675
fig|197.23408.peg.1567,lic3X_676
fig|488545.5.peg.1291,lic3X_677
fig|727.4084.peg.715,lic3X_678
fig|195.5283.peg.1803,lic3X_679
fig|2039339.3.peg.358,lic3X_680
fig|28080.95.peg.1567,lic3X_681
fig|1813019.79.peg.992,lic3X_682
fig|201.214.peg.1255,lic3X_683
fig|2911599.4.peg.900,lic3X_684
fig|727.1659.peg.698,lic3X_685
fig|197.17084.peg.1266,lic3X_686
fig|727.1263.peg.1255,lic3X_687
fig|727.1446.peg.954,lic3X_688
fig|727.3016.peg.632,lic3X_689
fig|197.15503.peg.597,lic3X_690
fig|727.987.peg.1706,lic3X_691
fig|1031542.9.peg.719,lic3X_692
fig|727.1413.peg.1604,lic3X_693
fig|195.751.peg.920,lic3X_694
fig|727.1354.peg.787,lic3X_695
fig|197.19222.peg.723,lic3X_696
fig|727.3673.peg.848,lic3X_697
fig|210.9037.peg.811,lic3X_698
fig|28080.309.peg.833,lic3X_699
fig|727.4084.peg.133,lic3X_700
fig|197.25553.peg.180,lic3X_701
fig|3004130.3.peg.682,lic3X_702
fig|747.2272.peg.2117,lic3X_703
fig|727.1291.peg.529,lic3X_704
fig|727.2182.peg.142,lic3X_705
fig|197.14891.peg.1333,lic3X_706
fig|727.2161.peg.1588,lic3X_707
fig|197.16095.peg.675,lic3X_708
fig|727.1731.peg.652,lic3X_709
fig|28080.102.peg.495,lic3X_710
fig|375926.4.peg.521,lic3X_711
tr|A6YCE9|A6YCE9_HAEIF,lic3X_712
fig|197.25123.peg.1278,lic3X_713
fig|727.4171.peg.178,lic3X_714
fig|197.13055.peg.231,lic3X_715
fig|1163739.3.peg.828,lic3X_716
fig|727.1664.peg.1651,lic3X_717
fig|727.1467.peg.1459,lic3X_718
fig|1002804.6.peg.551,lic3X_719
fig|727.1495.peg.1699,lic3X_720
fig|727.1728.peg.124,lic3X_721
fig|214.34.peg.425,lic3X_722
fig|727.586.peg.1574,lic3X_723
fig|727.1536.peg.1250,lic3X_724
fig|28080.78.peg.1009,lic3X_725
fig|197.5243.peg.1216,lic3X_726
fig|727.1056.peg.899,lic3X_727
fig|28080.333.peg.1157,lic3X_728
fig|197.20807.peg.346,lic3X_729
fig|28080.82.peg.803,lic3X_730
fig|197.25308.peg.551,lic3X_731
fig|2905877.8.peg.804,lic3X_732
fig|218.46.peg.218,lic3X_733
fig|197.22940.peg.400,lic3X_734
fig|727.1447.peg.1363,lic3X_735
fig|727.1350.peg.1163,lic3X_736
fig|28080.327.peg.911,lic3X_737
fig|195.5288.peg.1980,lic3X_738
fig|728.754.peg.1127,lic3X_739
fig|197.25350.peg.165,lic3X_740
fig|197.14857.peg.1463,lic3X_741
fig|727.2510.peg.1488,lic3X_742
fig|727.1778.peg.1255,lic3X_743
fig|210.7800.peg.821,lic3X_744
fig|497724.9.peg.1075,lic3X_745
fig|727.1531.peg.1085,lic3X_746
fig|727.2510.peg.151,lic3X_747
fig|727.1498.peg.559,lic3X_748
fig|727.1790.peg.150,lic3X_749
fig|747.2249.peg.353,lic3X_750
fig|727.1770.peg.528,lic3X_751
fig|727.1692.peg.961,lic3X_752
fig|197.15961.peg.1493,lic3X_753
fig|197.25284.peg.1129,lic3X_754
fig|197.25177.peg.701,lic3X_755
fig|727.4035.peg.734,lic3X_756
fig|727.4036.peg.1838,lic3X_757
fig|201.199.peg.765,lic3X_758
fig|794851.3.peg.510,lic3X_759
fig|1813019.33.peg.698,lic3X_760
fig|727.1325.peg.237,lic3X_761
fig|727.1757.peg.1060,lic3X_762
fig|727.4183.peg.24,lic3X_763
fig|1031542.14.peg.1373,lic3X_764
fig|650054.4.peg.1215,lic3X_765
fig|123834.6.peg.1631,lic3X_766
fig|28251.20.peg.1479,lic3X_767
fig|727.545.peg.1627,lic3X_768
fig|727.589.peg.1176,lic3X_769
fig|726.424.peg.1252,lic3X_770
fig|374931.10.peg.1587,lic3X_771
fig|727.3019.peg.658,lic3X_772
fig|727.4076.peg.744,lic3X_773
fig|727.1516.peg.481,lic3X_774
fig|197.26746.peg.746,lic3X_775
fig|210.7803.peg.841,lic3X_776
fig|197.6709.peg.906,lic3X_777
fig|197.19214.peg.1351,lic3X_778
fig|195.2247.peg.1773,lic3X_779
fig|727.1769.peg.1316,lic3X_780
fig|747.3018.peg.905,lic3X_781
fig|727.1488.peg.1417,lic3X_782
fig|727.1526.peg.1164,lic3X_783
fig|727.1561.peg.1575,lic3X_784
fig|488545.14.peg.575,lic3X_785
fig|218.19.peg.144,lic3X_786
fig|197.22870.peg.377,lic3X_787
fig|197.22923.peg.383,lic3X_788
fig|197.17026.peg.1657,lic3X_789
fig|214.35.peg.1346,lic3X_790
fig|28080.155.peg.551,lic3X_791
fig|197.24547.peg.1428,lic3X_792
fig|197.26754.peg.197,lic3X_793
fig|197.25144.peg.150,lic3X_794
fig|728.757.peg.1806,lic3X_795
fig|195.1630.peg.1816,lic3X_796
fig|727.4080.peg.133,lic3X_797
fig|197.25335.peg.595,lic3X_798
fig|138563.21.peg.740,lic3X_799
fig|195.560.peg.289,lic3X_800
fig|197.15161.peg.171,lic3X_801
fig|197.5188.peg.830,lic3X_802
fig|1032868.3.peg.1509,lic3X_803
fig|727.1738.peg.769,lic3X_804
fig|197.14671.peg.1564,lic3X_805
fig|210.9043.peg.535,lic3X_806
fig|175537.100.peg.60,lic3X_807
fig|747.2997.peg.2184,lic3X_808
fig|727.1745.peg.1092,lic3X_809
fig|727.1508.peg.1082,lic3X_810
fig|727.597.peg.157,lic3X_811
fig|727.1301.peg.871,lic3X_812
fig|197.4879.peg.1636,lic3X_813
fig|727.1293.peg.1134,lic3X_814
fig|195.1880.peg.1300,lic3X_815
fig|727.3676.peg.1752,lic3X_816
fig|747.2330.peg.293,lic3X_817
fig|214.46.peg.54,lic3X_818
fig|32022.598.peg.203,lic3X_819
fig|727.1665.peg.686,lic3X_820
fig|656913.3.peg.1005,lic3X_821
fig|727.1281.peg.309,lic3X_822
fig|727.1211.peg.958,lic3X_823
fig|727.1563.peg.455,lic3X_824
fig|727.1018.peg.976,lic3X_825
fig|197.4933.peg.199,lic3X_826
fig|195.4474.peg.1734,lic3X_827
fig|138563.21.peg.739,lic3X_828
fig|727.1734.peg.736,lic3X_829
fig|727.1192.peg.382,lic3X_830
fig|727.2976.peg.1143,lic3X_831
fig|195.300.peg.276,lic3X_832
fig|210.9046.peg.868,lic3X_833
fig|1655500.12.peg.988,lic3X_834
fig|214.31.peg.1292,lic3X_835
fig|197.7926.peg.964,lic3X_836
fig|727.3008.peg.143,lic3X_837
fig|197.25089.peg.1612,lic3X_838
fig|28080.159.peg.949,lic3X_839
fig|28080.168.peg.575,lic3X_840
fig|212.59.peg.661,lic3X_841
fig|197.25260.peg.1902,lic3X_842
fig|201.215.peg.1187,lic3X_843
fig|2838619.7.peg.1199,lic3X_844
fig|727.1506.peg.31,lic3X_845
fig|197.15156.peg.214,lic3X_846
fig|197.22288.peg.1393,lic3X_847
fig|56877.42.peg.1174,lic3X_848
fig|2836736.3.peg.465,lic3X_849
fig|182217.3.peg.1541,lic3X_850
fig|1903585.3.peg.1304,lic3X_851
fig|727.1551.peg.986,lic3X_852
fig|197.17935.peg.1118,lic3X_853
fig|28080.146.peg.1285,lic3X_854
fig|727.4184.peg.486,lic3X_855
fig|727.4192.peg.1171,lic3X_856
fig|1072685.4.peg.42,lic3X_857
fig|727.1539.peg.256,lic3X_858
fig|727.1292.peg.62,lic3X_859
fig|862964.3.peg.481,lic3X_860
fig|727.2900.peg.410,lic3X_861
fig|195.1094.peg.1586,lic3X_862
fig|727.1794.peg.1269,lic3X_863
fig|197.17072.peg.159,lic3X_864
fig|197.17114.peg.1286,lic3X_865
fig|727.1500.peg.560,lic3X_866
fig|32022.144.peg.1219,lic3X_867
fig|727.964.peg.212,lic3X_868
fig|727.600.peg.1007,lic3X_869
fig|727.1222.peg.1616,lic3X_870
fig|374106.4.peg.1200,lic3X_871
fig|1655500.14.peg.1087,lic3X_872
fig|727.4082.peg.132,lic3X_873
fig|197.25646.peg.162,lic3X_874
fig|727.1791.peg.904,lic3X_875
fig|197.15577.peg.178,lic3X_876
fig|210.7785.peg.842,lic3X_877
fig|488546.4.peg.1161,lic3X_878
fig|727.1364.peg.1255,lic3X_879
fig|1334187.3.peg.71,lic3X_880
fig|1903292.3.peg.1606,lic3X_881
fig|727.1478.peg.1383,lic3X_882
fig|727.1708.peg.1134,lic3X_883
fig|727.1288.peg.1326,lic3X_884
fig|212.43.peg.1158,lic3X_885
fig|195.1093.peg.474,lic3X_886
fig|725.12.peg.1221,lic3X_887
fig|214.42.peg.96,lic3X_888
fig|727.1709.peg.1208,lic3X_889
fig|28080.229.peg.594,lic3X_890
fig|2735767.7.peg.1496,lic3X_891
fig|197.22778.peg.1620,lic3X_892
fig|1173502.3.peg.952,lic3X_893
fig|727.1547.peg.339,lic3X_894
fig|727.1556.peg.493,lic3X_895
fig|727.1501.peg.1550,lic3X_896
fig|727.1793.peg.860,lic3X_897
fig|727.2901.peg.155,lic3X_898
fig|727.1514.peg.1108,lic3X_899
fig|727.1786.peg.1440,lic3X_900
fig|195.800.peg.948,lic3X_901
fig|195.582.peg.1578,lic3X_902
fig|727.1555.peg.677,lic3X_903
fig|260714.16.peg.1447,lic3X_904
fig|197.24565.peg.1799,lic3X_905
fig|201.125.peg.539,lic3X_906
fig|195.732.peg.1003,lic3X_907
fig|1813019.124.peg.1383,lic3X_908
fig|212.44.peg.1,lic3X_909
fig|175537.198.peg.1009,lic3X_910
fig|727.3011.peg.656,lic3X_911
fig|727.559.peg.578,lic3X_912
fig|727.965.peg.407,lic3X_913
fig|50960.14.peg.407,lic3X_914
fig|747.1412.peg.1242,lic3X_915
fig|197.15159.peg.231,lic3X_916
fig|727.1750.peg.1165,lic3X_917
fig|727.3377.peg.1148,lic3X_918
fig|727.4162.peg.604,lic3X_919
fig|727.571.peg.1021,lic3X_920
fig|195.489.peg.922,lic3X_921
fig|197.15063.peg.1666,lic3X_922
fig|2838619.3.peg.660,lic3X_923
fig|197.4944.peg.517,lic3X_924
fig|1388751.3.peg.1453,lic3X_925
fig|212.58.peg.671,lic3X_926
fig|218.53.peg.113,lic3X_927
fig|28080.328.peg.1276,lic3X_928
fig|197.14665.peg.51,lic3X_929
fig|210.7799.peg.554,lic3X_930
fig|1055532.3.peg.584,lic3X_931
fig|56877.31.peg.229,lic3X_932
fig|727.1669.peg.857,lic3X_933
fig|727.1662.peg.1661,lic3X_934
fig|727.1294.peg.150,lic3X_935
fig|210.8668.peg.857,lic3X_936
fig|197.24372.peg.2086,lic3X_937
fig|727.4158.peg.657,lic3X_938
fig|2735731.6.peg.1343,lic3X_939
fig|1813019.15.peg.597,lic3X_940
fig|727.1726.peg.695,lic3X_941
fig|28080.325.peg.1370,lic3X_942
fig|747.3039.peg.1254,lic3X_943
fig|727.1518.peg.1336,lic3X_944
fig|2735777.4.peg.561,lic3X_945
fig|374932.4.peg.329,lic3X_946
fig|727.972.peg.747,lic3X_947
fig|197.15139.peg.207,lic3X_948
fig|197.6696.peg.250,lic3X_949
fig|727.1542.peg.1169,lic3X_950
fig|197.22183.peg.194,lic3X_951
fig|727.2296.peg.1811,lic3X_952
fig|197.20858.peg.1133,lic3X_953
fig|28080.314.peg.469,lic3X_954
fig|217.6.peg.718,lic3X_955
fig|727.1641.peg.54,lic3X_956
fig|727.3052.peg.142,lic3X_957
fig|197.24118.peg.194,lic3X_958
fig|260714.10.peg.816,lic3X_959
fig|2505968.3.peg.1077,lic3X_960
fig|374106.3.peg.425,lic3X_961
fig|212.46.peg.381,lic3X_962
fig|727.1731.peg.139,lic3X_963
fig|1903580.3.peg.433,lic3X_964
fig|1813019.19.peg.663,lic3X_965
fig|1813019.42.peg.661,lic3X_966
fig|1813595.3.peg.1272,lic3X_967
fig|727.2297.peg.1564,lic3X_968
fig|727.1782.peg.400,lic3X_969
fig|727.1715.peg.1251,lic3X_970
fig|56877.28.peg.1461,lic3X_971
fig|2800584.4.peg.1457,lic3X_972
fig|727.2171.peg.771,lic3X_973
fig|201.132.peg.1409,lic3X_974
fig|1071947.4.peg.134,lic3X_975
fig|197.11679.peg.166,lic3X_976
fig|197.24547.peg.1772,lic3X_977
fig|32022.219.peg.1445,lic3X_978
fig|123822.6.peg.221,lic3X_979
fig|197.6671.peg.1583,lic3X_980
fig|1247729.4.peg.277,lic3X_981
fig|1813019.40.peg.613,lic3X_982
fig|197575.11.peg.653,lic3X_983
fig|197.24931.peg.164,lic3X_984
fig|727.1264.peg.756,lic3X_985
fig|197.21296.peg.640,lic3X_986
fig|727.1720.peg.658,lic3X_987
fig|218.47.peg.745,lic3X_988
fig|727.4185.peg.548,lic3X_989
fig|727.4191.peg.1116,lic3X_990
fig|197.25457.peg.534,lic3X_991
fig|197.15043.peg.487,lic3X_992
fig|32022.900.peg.328,lic3X_993
fig|1072685.5.peg.551,lic3X_994
fig|727.1604.peg.543,lic3X_995
fig|2735758.4.peg.1254,lic3X_996
fig|727.1527.peg.1573,lic3X_997
fig|727.1455.peg.819,lic3X_998
fig|201.175.peg.972,lic3X_999
fig|488545.12.peg.391,lic3X_1000
fig|1367491.3.peg.674,lic3X_1001
fig|212.41.peg.579,lic3X_1002
fig|28080.323.peg.449,lic3X_1003
fig|28080.94.peg.1633,lic3X_1004
fig|727.1217.peg.1234,lic3X_1005
fig|727.3064.peg.263,lic3X_1006
fig|212.57.peg.1458,lic3X_1007
fig|197.4859.peg.194,lic3X_1008
fig|197.20549.peg.675,lic3X_1009
fig|747.1019.peg.909,lic3X_1010
fig|197.5138.peg.167,lic3X_1011
fig|727.1553.peg.122,lic3X_1012
fig|727.582.peg.1775,lic3X_1013
fig|727.615.peg.1228,lic3X_1014
fig|727.1213.peg.1589,lic3X_1015
fig|727.1584.peg.1531,lic3X_1016
fig|197.19217.peg.1687,lic3X_1017
fig|1163741.3.peg.866,lic3X_1018
fig|727.1765.peg.1165,lic3X_1019
fig|28080.134.peg.19,lic3X_1020
fig|201.137.peg.312,lic3X_1021
fig|2976332.3.peg.786,lic3X_1022
fig|197.22116.peg.261,lic3X_1023
fig|197.25128.peg.1229,lic3X_1024
fig|727.1305.peg.1585,lic3X_1025
fig|37372.27.peg.427,lic3X_1026
fig|727.1678.peg.1097,lic3X_1027
fig|1813019.41.peg.589,lic3X_1028
fig|727.1433.peg.215,lic3X_1029
fig|727.1659.peg.151,lic3X_1030
fig|727.1703.peg.1813,lic3X_1031
fig|727.1654.peg.1349,lic3X_1032
fig|1002805.5.peg.2105,lic3X_1033
fig|361872.14.peg.717,lic3X_1034
fig|1813019.123.peg.166,lic3X_1035
fig|1733.9675.peg.4531,lic3X_1036
fig|727.1242.peg.312,lic3X_1037
fig|727.2994.peg.978,lic3X_1038
fig|747.1198.peg.1022,lic3X_1039
fig|727.1747.peg.1285,lic3X_1040
fig|727.1474.peg.921,lic3X_1041
fig|691336.3.peg.1841,lic3X_1042
fig|727.546.peg.1398,lic3X_1043
fig|123822.7.peg.2058,lic3X_1044
fig|727.587.peg.690,lic3X_1045
fig|1440063.3.peg.1154,lic3X_1046
fig|727.1771.peg.1123,lic3X_1047
fig|1655500.17.peg.1087,lic3X_1048
fig|28080.101.peg.811,lic3X_1049
fig|1660078.3.peg.1841,lic3X_1050
fig|195.3935.peg.744,lic3X_1051
fig|197.24545.peg.1349,lic3X_1052
fig|197.26786.peg.366,lic3X_1053
fig|197.20760.peg.1425,lic3X_1054
fig|727.601.peg.821,lic3X_1055
fig|727.1326.peg.1155,lic3X_1056
fig|195.853.peg.1355,lic3X_1057
fig|214.48.peg.1541,lic3X_1058
fig|197.15186.peg.636,lic3X_1059
fig|197.17027.peg.1184,lic3X_1060
fig|727.2293.peg.150,lic3X_1061
fig|727.1784.peg.674,lic3X_1062
fig|727.1190.peg.947,lic3X_1063
fig|214.32.peg.467,lic3X_1064
fig|56877.30.peg.1318,lic3X_1065
fig|28080.319.peg.1371,lic3X_1066
fig|197.24617.peg.128,lic3X_1067
fig|727.4083.peg.740,lic3X_1068
fig|727.4080.peg.721,lic3X_1069
fig|747.2411.peg.592,lic3X_1070
fig|2905876.6.peg.678,lic3X_1071
fig|197.25340.peg.661,lic3X_1072
fig|197.25258.peg.1862,lic3X_1073
fig|28080.158.peg.234,lic3X_1074
fig|1071947.7.peg.482,lic3X_1075
fig|727.1319.peg.864,lic3X_1076
fig|727.1786.peg.373,lic3X_1077
fig|1813019.14.peg.578,lic3X_1078
fig|727.542.peg.1665,lic3X_1079
fig|1813019.17.peg.772,lic3X_1080
fig|197.25584.peg.444,lic3X_1081
fig|727.1541.peg.297,lic3X_1082
fig|123822.3.peg.1925,lic3X_1083
fig|862964.20.peg.1184,lic3X_1084
fig|197.26750.peg.572,lic3X_1085
fig|727.3678.peg.741,lic3X_1086
fig|727.1677.peg.875,lic3X_1087
fig|521005.3.peg.686,lic3X_1088
fig|727.604.peg.839,lic3X_1089
fig|727.2976.peg.1688,lic3X_1090
fig|304289.3.peg.452,lic3X_1091
fig|210.9046.peg.869,lic3X_1092
fig|218.19.peg.143,lic3X_1093
fig|197.25760.peg.1130,lic3X_1094
fig|197.25296.peg.173,lic3X_1095
fig|197.25107.peg.1540,lic3X_1096
fig|727.303.peg.1873,lic3X_1097
fig|727.534.peg.1337,lic3X_1098
fig|197.17113.peg.1419,lic3X_1099
fig|222136.3.peg.1020,lic3X_1100
fig|197.20908.peg.1933,lic3X_1101
fig|197.17335.peg.126,lic3X_1102
fig|197.25518.peg.1482,lic3X_1103
fig|32022.620.peg.697,lic3X_1104
fig|727.1519.peg.23,lic3X_1105
fig|197.22093.peg.885,lic3X_1106
fig|195.693.peg.1473,lic3X_1107
fig|2004998.3.peg.431,lic3X_1108
fig|727.1568.peg.747,lic3X_1109
fig|727.1658.peg.1187,lic3X_1110
fig|197.6687.peg.675,lic3X_1111
fig|197.19219.peg.1727,lic3X_1112
fig|197.14644.peg.1707,lic3X_1113
fig|727.1760.peg.1242,lic3X_1114
fig|214.43.peg.1080,lic3X_1115
fig|195.785.peg.1028,lic3X_1116
fig|562.103978.peg.4784,lic3X_1117
fig|260714.23.peg.544,lic3X_1118
fig|218.49.peg.826,lic3X_1119
fig|727.3369.peg.1396,lic3X_1120
fig|182217.3.peg.1542,lic3X_1121
fig|747.733.peg.81,lic3X_1122
fig|1813019.34.peg.584,lic3X_1123
fig|727.3006.peg.123,lic3X_1124
fig|197.17064.peg.1318,lic3X_1125
fig|727.1259.peg.65,lic3X_1126
fig|1548018.9.peg.326,lic3X_1127
fig|727.1051.peg.411,lic3X_1128
fig|727.1056.peg.363,lic3X_1129
fig|727.1482.peg.299,lic3X_1130
fig|727.1520.peg.1516,lic3X_1131
fig|28080.199.peg.1428,lic3X_1132
fig|212.40.peg.1221,lic3X_1133
fig|727.1587.peg.1106,lic3X_1134
fig|197.21027.peg.256,lic3X_1135
fig|727.545.peg.1870,lic3X_1136
fig|727.568.peg.229,lic3X_1137
fig|123822.8.peg.768,lic3X_1138
fig|1055529.4.peg.826,lic3X_1139
fig|374930.9.peg.247,lic3X_1140
fig|214.52.peg.884,lic3X_1141
fig|727.1509.peg.1406,lic3X_1142
fig|197.23027.peg.179,lic3X_1143
fig|197.23027.peg.1716,lic3X_1144
fig|28080.318.peg.1121,lic3X_1145
fig|201.134.peg.710,lic3X_1146
fig|727.1432.peg.1144,lic3X_1147
fig|727.1650.peg.623,lic3X_1148
fig|197.5177.peg.729,lic3X_1149
fig|2498121.3.peg.328,lic3X_1150
fig|727.599.peg.1084,lic3X_1151
fig|727.2173.peg.1715,lic3X_1152
fig|727.3405.peg.576,lic3X_1153
fig|2004998.3.peg.1006,lic3X_1154
fig|32022.588.peg.317,lic3X_1155
fig|727.1586.peg.151,lic3X_1156
fig|32022.220.peg.1176,lic3X_1157
fig|727.1576.peg.301,lic3X_1158
fig|197.16691.peg.1375,lic3X_1159
fig|727.1187.peg.1106,lic3X_1160
fig|794851.3.peg.511,lic3X_1161
fig|747.472.peg.297,lic3X_1162
fig|727.1652.peg.1417,lic3X_1163
fig|727.1225.peg.983,lic3X_1164
fig|727.1050.peg.1697,lic3X_1165
fig|2962633.3.peg.435,lic3X_1166
fig|2691918.16.peg.749,lic3X_1167
fig|727.1551.peg.522,lic3X_1168
fig|1055528.4.peg.826,lic3X_1169
fig|727.1824.peg.353,lic3X_1170
fig|727.1352.peg.1074,lic3X_1171
fig|727.1053.peg.903,lic3X_1172
fig|195.699.peg.16,lic3X_1173
fig|56877.26.peg.26,lic3X_1174
fig|727.3008.peg.664,lic3X_1175
fig|727.1785.peg.1162,lic3X_1176
fig|727.2170.peg.1147,lic3X_1177
fig|727.533.peg.626,lic3X_1178
fig|727.1558.peg.275,lic3X_1179
fig|727.3672.peg.1585,lic3X_1180
fig|37372.44.peg.1248,lic3X_1181
fig|195.751.peg.1101,lic3X_1182
fig|214.39.peg.76,lic3X_1183
fig|747.2370.peg.1547,lic3X_1184
fig|28080.172.peg.708,lic3X_1185
fig|1163745.3.peg.356,lic3X_1186
fig|727.2294.peg.1204,lic3X_1187
fig|197.13332.peg.1323,lic3X_1188
fig|727.1754.peg.872,lic3X_1189
fig|197.7945.peg.3,lic3X_1190
fig|727.1801.peg.1487,lic3X_1191
fig|727.1585.peg.369,lic3X_1192
fig|725.21.peg.1883,lic3X_1193
fig|727.564.peg.1302,lic3X_1194
fig|2212472.11.peg.1003,lic3X_1195
fig|747.738.peg.722,lic3X_1196
fig|727.1436.peg.1534,lic3X_1197
fig|138563.20.peg.445,lic3X_1198
fig|197.15182.peg.262,lic3X_1199
fig|197.19221.peg.1765,lic3X_1200
fig|32022.892.peg.4559,lic3X_1201
fig|197.14784.peg.1853,lic3X_1202
fig|727.963.peg.1094,lic3X_1203
fig|1655500.16.peg.984,lic3X_1204
fig|727.1728.peg.665,lic3X_1205
fig|727.529.peg.653,lic3X_1206
fig|727.1748.peg.1220,lic3X_1207
fig|727.1695.peg.811,lic3X_1208
fig|1813019.3.peg.622,lic3X_1209
fig|727.1052.peg.1801,lic3X_1210
fig|1813019.8.peg.625,lic3X_1211
fig|727.1549.peg.1634,lic3X_1212
fig|195.2445.peg.941,lic3X_1213
fig|197.16099.peg.375,lic3X_1214
fig|727.991.peg.1418,lic3X_1215
fig|1323650.3.peg.1401,lic3X_1216
fig|197.20898.peg.1361,lic3X_1217
fig|727.3677.peg.1087,lic3X_1218
fig|197.15086.peg.464,lic3X_1219
fig|727.1764.peg.920,lic3X_1220
fig|212.59.peg.660,lic3X_1221
fig|727.1255.peg.1342,lic3X_1222
fig|753.7.peg.610,lic3X_1223
fig|727.1661.peg.780,lic3X_1224
fig|197.16995.peg.1251,lic3X_1225
fig|727.2184.peg.602,lic3X_1226
fig|195.481.peg.1155,lic3X_1227
fig|214.50.peg.1610,lic3X_1228
fig|727.1597.peg.1328,lic3X_1229
fig|1655500.10.peg.1231,lic3X_1230
fig|214.45.peg.1454,lic3X_1231
fig|2735747.3.peg.1609,lic3X_1232
fig|197.24115.peg.1267,lic3X_1233
fig|212.57.peg.1459,lic3X_1234
fig|727.1772.peg.1259,lic3X_1235
fig|197.5198.peg.120,lic3X_1236
fig|765964.3.peg.902,lic3X_1237
fig|1365655.3.peg.605,lic3X_1238
fig|727.560.peg.1263,lic3X_1239
fig|727.1591.peg.461,lic3X_1240
fig|727.1417.peg.1171,lic3X_1241
fig|1002805.5.peg.2104,lic3X_1242
fig|727.1602.peg.681,lic3X_1243
fig|727.1262.peg.784,lic3X_1244
fig|197.19221.peg.1729,lic3X_1245
fig|28080.125.peg.928,lic3X_1246
fig|726.151.peg.919,lic3X_1247
fig|195.4914.peg.372,lic3X_1248
fig|197.25091.peg.1118,lic3X_1249
fig|727.4081.peg.691,lic3X_1250
fig|197.27514.peg.1696,lic3X_1251
fig|727.1054.peg.386,lic3X_1252
fig|727.1491.peg.1438,lic3X_1253
fig|210.7806.peg.544,lic3X_1254
fig|374927.4.peg.999,lic3X_1255
fig|727.972.peg.1284,lic3X_1256
fig|727.1246.peg.605,lic3X_1257
fig|28080.150.peg.451,lic3X_1258
fig|1031542.9.peg.475,lic3X_1259
fig|1055529.4.peg.825,lic3X_1260
fig|727.3003.peg.124,lic3X_1261
fig|727.1771.peg.144,lic3X_1262
fig|37372.46.peg.1167,lic3X_1263
fig|1548018.6.peg.1261,lic3X_1264
fig|195.5123.peg.368,lic3X_1265
fig|197.25715.peg.1969,lic3X_1266
fig|195.30561.peg.1207,lic3X_1267
fig|201.79.peg.971,lic3X_1268
fig|727.1315.peg.1588,lic3X_1269
fig|727.1802.peg.1533,lic3X_1270
fig|197.22323.peg.460,lic3X_1271
fig|28080.313.peg.647,lic3X_1272
fig|210.5368.peg.1597,lic3X_1273
fig|195.2424.peg.676,lic3X_1274
fig|374933.4.peg.664,lic3X_1275
fig|727.1736.peg.385,lic3X_1276
fig|727.1452.peg.1721,lic3X_1277
fig|56877.27.peg.1417,lic3X_1278
fig|214.43.peg.157,lic3X_1279
fig|727.2177.peg.178,lic3X_1280
fig|727.1346.peg.393,lic3X_1281
fig|37372.45.peg.1206,lic3X_1282
fig|175537.67.peg.1292,lic3X_1283
fig|727.4077.peg.176,lic3X_1284
fig|727.1418.peg.486,lic3X_1285
fig|212.56.peg.1128,lic3X_1286
fig|197.27524.peg.38,lic3X_1287
fig|197.21766.peg.210,lic3X_1288
fig|197.14870.peg.961,lic3X_1289
fig|727.4041.peg.992,lic3X_1290
fig|197.19220.peg.1281,lic3X_1291
fig|195.477.peg.1372,lic3X_1292
fig|197.17110.peg.1352,lic3X_1293
fig|727.1773.peg.709,lic3X_1294
fig|197.15037.peg.1514,lic3X_1295
fig|197.27421.peg.296,lic3X_1296
fig|2735776.3.peg.735,lic3X_1297
fig|195.1501.peg.1916,lic3X_1298
fig|195.1500.peg.2448,lic3X_1299
fig|197.22874.peg.1341,lic3X_1300
fig|195.1503.peg.2230,lic3X_1301
fig|449520.26.peg.1627,lic3X_1302
fig|727.3051.peg.124,lic3X_1303
fig|28080.135.peg.1030,lic3X_1304
fig|197.22955.peg.1627,lic3X_1305
fig|28080.217.peg.865,lic3X_1306
fig|727.4043.peg.1627,lic3X_1307
fig|195.4180.peg.1720,lic3X_1308
fig|727.1681.peg.950,lic3X_1309
fig|197.19219.peg.1754,lic3X_1310
fig|727.1530.peg.662,lic3X_1311
fig|28080.96.peg.937,lic3X_1312
fig|2735759.5.peg.832,lic3X_1313
fig|197.14663.peg.142,lic3X_1314
fig|727.1279.peg.649,lic3X_1315
fig|521004.3.peg.716,lic3X_1316
fig|727.3035.peg.440,lic3X_1317
fig|477.12.peg.2126,lic3X_1318
fig|214.43.peg.156,lic3X_1319
fig|28080.154.peg.1192,lic3X_1320
fig|28080.164.peg.1346,lic3X_1321
fig|727.565.peg.883,lic3X_1322
CCF72466.1,lic3X_1323
fig|727.3349.peg.1336,lic3X_1324
fig|197.25577.peg.194,lic3X_1325
fig|197.15208.peg.658,lic3X_1326
fig|197.20551.peg.652,lic3X_1327
fig|1813019.127.peg.1361,lic3X_1328
fig|747.2351.peg.1794,lic3X_1329
fig|2974565.12.peg.472,lic3X_1330
fig|195.5381.peg.201,lic3X_1331
fig|197.24857.peg.1010,lic3X_1332
fig|195.5102.peg.308,lic3X_1333
fig|197.27453.peg.282,lic3X_1334
fig|727.1251.peg.118,lic3X_1335
fig|727.1435.peg.1286,lic3X_1336
fig|195.1809.peg.179,lic3X_1337
fig|197.7889.peg.176,lic3X_1338
fig|32022.630.peg.711,lic3X_1339
fig|197.14817.peg.1729,lic3X_1340
fig|195.2244.peg.176,lic3X_1341
fig|197.15753.peg.1358,lic3X_1342
fig|727.1790.peg.1084,lic3X_1343
fig|727.1223.peg.78,lic3X_1344
fig|727.1740.peg.1435,lic3X_1345
fig|197.6654.peg.586,lic3X_1346
fig|197.16690.peg.165,lic3X_1347
fig|197.20909.peg.960,lic3X_1348
fig|449520.10.peg.1288,lic3X_1349
fig|195.3237.peg.1033,lic3X_1350
fig|195.3236.peg.1096,lic3X_1351
fig|727.1333.peg.1408,lic3X_1352
fig|197.15709.peg.1339,lic3X_1353
fig|727.1461.peg.633,lic3X_1354
fig|1655500.18.peg.113,lic3X_1355
fig|727.1349.peg.1487,lic3X_1356
fig|195.791.peg.1697,lic3X_1357
fig|449520.18.peg.1626,lic3X_1358
fig|1151115.3.peg.1223,lic3X_1359
fig|28080.191.peg.972,lic3X_1360
fig|197.23854.peg.296,lic3X_1361
fig|197.25410.peg.1169,lic3X_1362
fig|727.1752.peg.1213,lic3X_1363
fig|727.1667.peg.762,lic3X_1364
fig|197.5041.peg.333,lic3X_1365
fig|195.1955.peg.1535,lic3X_1366
fig|727.1571.peg.307,lic3X_1367
fig|197.21029.peg.1230,lic3X_1368
fig|727.2295.peg.298,lic3X_1369
fig|727.1500.peg.1031,lic3X_1370
fig|727.3411.peg.1273,lic3X_1371
fig|197.15890.peg.6,lic3X_1372
fig|197.15489.peg.525,lic3X_1373
tr|A0A0S2CGZ9|A0A0S2CGZ9_CAMJU,lic3X_1374
tr|A0A077DCP7|A0A077DCP7_9BURK,lic3X_1375
tr|A0A1G6YJA6|A0A1G6YJA6_9FLAO,lic3X_1376
tr|A0A1Q2LJR1|A0A1Q2LJR1_9HELI,lic3X_1377
tr|A0A1T0AWJ1|A0A1T0AWJ1_9PAST,lic3X_1378
tr|A0A1V4GUZ5|A0A1V4GUZ5_MORLA,lic3X_1379
tr|A0A1X6Z6T3|A0A1X6Z6T3_9RHOB,lic3X_1380
tr|A0A268TFC1|A0A268TFC1_9HELI,lic3X_1381
tr|A0A268THD3|A0A268THD3_9HELI,lic3X_1382
tr|A0A268TX87|A0A268TX87_9HELI,lic3X_1383
tr|A0A268TZJ7|A0A268TZJ7_9HELI,lic3X_1384
tr|A0A2D9YRI1|A0A2D9YRI1_9RHOB,lic3X_1385
tr|A0A2U9DZ21|A0A2U9DZ21_HAEIF,lic3X_1386
tr|A0A329ZEV4|A0A329ZEV4_9HELI,lic3X_1387
tr|A0A366WKH0|A0A366WKH0_9RHOB,lic3X_1388
tr|A0A4P8EM93|A0A4P8EM93_9RHOB,lic3X_1389
tr|A0A4Q9JTN5|A0A4Q9JTN5_9PROT,lic3X_1390
tr|A0A4S8N6Q6|A0A4S8N6Q6_9HYPH,lic3X_1391
tr|A0A5C6H1E5|A0A5C6H1E5_HAEIF,lic3X_1392
tr|A0A5C7DVY3|A0A5C7DVY3_9PROT,lic3X_1393
tr|A0A5C7E316|A0A5C7E316_9PROT,lic3X_1394
tr|A0A5L8NU65|A0A5L8NU65_CAMLA,lic3X_1395
tr|A0A5L8Q492|A0A5L8Q492_CAMUP,lic3X_1396
tr|A0A5T0QNV8|A0A5T0QNV8_CAMJU,lic3X_1397
tr|A0A5T1BSX6|A0A5T1BSX6_CAMJU,lic3X_1398
tr|A0A5T1YNF4|A0A5T1YNF4_CAMCO,lic3X_1399
tr|A0A5T2A3B5|A0A5T2A3B5_CAMJU,lic3X_1400
tr|A0A696JXN4|A0A696JXN4_CAMJU,lic3X_1401
tr|A0A6C7LP55|A0A6C7LP55_CAMJU,lic3X_1402
tr|A0A6C7YR26|A0A6C7YR26_CAMJU,lic3X_1403
tr|A0A6G5QIA2|A0A6G5QIA2_9PROT,lic3X_1404
tr|A0A6L1L080|A0A6L1L080_CAMLA,lic3X_1405
tr|A0A6M8MKC7|A0A6M8MKC7_9PROT,lic3X_1406
tr|A0A7C3VYZ5|A0A7C3VYZ5_9RHOB,lic3X_1407
tr|A0A7I9TU87|A0A7I9TU87_CAMJU,lic3X_1408
tr|A0A824ZLW9|A0A824ZLW9_CAMJU,lic3X_1409
tr|A0A826DYH2|A0A826DYH2_CAMJU,lic3X_1410
tr|A0A8B2WRU0|A0A8B2WRU0_HAEIF,lic3X_1411
tr|A0A8D9PWD6|A0A8D9PWD6_CAMLA,lic3X_1412
tr|A2T1K4|A2T1K4_CAMJU,lic3X_1413
tr|A2T278|A2T278_CAMJU,lic3X_1414
tr|A4N6N1|A4N6N1_HAEIF,lic3X_1415
tr|A4NVX6|A4NVX6_HAEIF,lic3X_1416
tr|D2KQ02|D2KQ02_CAMJU,lic3X_1417
tr|E7A8M2|E7A8M2_HELFC,lic3X_1418
tr|H2B3J3|H2B3J3_HELBI,lic3X_1419
tr|H2B3K8|H2B3K8_HELBI,lic3X_1420
tr|Q0GH31|Q0GH31_CAMJU,lic3X_1421
tr|Q0GH44|Q0GH44_CAMJU,lic3X_1422
tr|Q0GH57|Q0GH57_CAMJU,lic3X_1423
tr|Q32VR8|Q32VR8_CAMJU,lic3X_1424
